CREATE TABLE IF NOT EXISTS Subjects
(
	id SERIAL PRIMARY KEY,
	name VARCHAR(50)
);
	
CREATE TABLE IF NOT EXISTS Teachers_Subjects
(
	id SERIAL PRIMARY KEY,
	teacher_fio VARCHAR(50) NOT NULL,
	subject_id INT NOT NULL REFERENCES Subjects(id) ON DELETE CASCADE
);

CREATE TABLE IF NOT EXISTS Timetables
(
	id SERIAL PRIMARY KEY,
	day VARCHAR(50) NOT NULL,
	teacher_subject_id INT NOT NULL REFERENCES Teachers_Subjects(id) ON DELETE CASCADE,
	room_num VARCHAR(50) NOT NULL,
	start_time TIME NOT NULL
);

INSERT INTO Subjects VALUES
(1, 'Системы искусственного интеллекта'),
(2, 'Защита Информации'),
(3, 'Разработка пользовательского интерфейса'),
(4, 'Физ-ра'),
(5, 'Проектирование информационных cистем'),
(6, 'Экономика предприятия'),
(7, 'Администрирование информационных систем');

INSERT INTO Teachers_Subjects VALUES
(1, 'Курбангалеев А. А.', 1),
(2, 'Курбангалеев А. А.', 2),
(3, 'Вотякова Л. Р.', 3),
(4, 'Галиуллина Я. С.', 4),
(5, 'Панченко О. В.', 5),
(6, 'Алексеева Ю. А.', 6),
(7, 'Титовцев А. С.', 7),
(8, 'Бердникова Е. Ф.', 6);

INSERT INTO Timetables VALUES
(1, 'Понедельник', 1, 'В-302б', '9:40:00'),
(2, 'Понедельник', 2, 'В-302б', '11:20:00'),
(3, 'Понедельник', 2, 'В-101', '13:00:00'),
(4, 'Понедельник', 3, 'В-101', '14:40:00'),
(5, 'Вторник', 4, 'Мирас', '08:00:00'),
(6, 'Среда', 5, 'В-101', '09:40:00'),
(7, 'Среда', 5, 'В-302б', '11:20:00'),
(8, 'Среда', 5, 'В-302б', '13:00:00'),
(9, 'Четверг', 6, 'В-319', '11:20:00'),
(10, 'Четверг', 7, 'В-302а', '13:00:00'),
(11, 'Четверг', 7, 'В-302а', '14:40:00'),
(12, 'Пятница', 4, 'Мирас', '13:00:00'),

(13, 'Понедельник', 1, 'В-302б', '9:40:00'),
(14, 'Понедельник', 2, 'В-302а', '11:20:00'),
(15, 'Понедельник', 1, 'В-302б', '13:00:00'),
(16, 'Понедельник', 3, 'В-101', '14:40:00'),
(17, 'Вторник', 4, 'Мирас', '08:00:00'),
(18, 'Среда', 5, 'В-101', '09:40:00'),
(19, 'Среда', 5, 'В-302б', '11:20:00'),
(20, 'Среда', 8, 'В-318', '13:00:00'),
(21, 'Среда', 8, 'В-318', '14:40:00'),
(22, 'Четверг', 7, 'В-101', '11:20:00'),
(23, 'Четверг', 7, 'В-302а', '13:00:00'),
(24, 'Четверг', 7, 'В-302а', '14:40:00'),
(25, 'Пятница', 3, 'В-302б', '8:00:00'),
(26, 'Пятница', 3, 'В-302б', '9:40:00'),
(27, 'Пятница', 4, 'Мирас', '13:00:00');